"REF_DATE","GEO","DGUID","Products and product groups","UOM","UOM_ID","SCALAR_FACTOR","SCALAR_ID","VECTOR","COORDINATE","VALUE","STATUS","SYMBOL","TERMINATED","DECIMALS"
"1981","Nova Scotia","2016A000212","All-items","2002=100","17","units","0","v41693811","7.2","50.8","","","","1"
"1982","Nova Scotia","2016A000212","All-items","2002=100","17","units","0","v41693811","7.2","55.6","","","","1"
"1983","Nova Scotia","2016A000212","All-items","2002=100","17","units","0","v41693811","7.2","59.1","","","","1"
"1984","Nova Scotia","2016A000212","All-items","2002=100","17","units","0","v41693811","7.2","61.7","","","","1"
"1985","Nova Scotia","2016A000212","All-items","2002=100","17","units","0","v41693811","7.2","64.5","","","","1"
"1986","Nova Scotia","2016A000212","All-items","2002=100","17","units","0","v41693811","7.2","66.5","","","","1"
"1987","Nova Scotia","2016A000212","All-items","2002=100","17","units","0","v41693811","7.2","68.8","","","","1"
"1988","Nova Scotia","2016A000212","All-items","2002=100","17","units","0","v41693811","7.2","71.2","","","","1"
"1989","Nova Scotia","2016A000212","All-items","2002=100","17","units","0","v41693811","7.2","74.4","","","","1"
"1990","Nova Scotia","2016A000212","All-items","2002=100","17","units","0","v41693811","7.2","78.2","","","","1"
"1991","Nova Scotia","2016A000212","All-items","2002=100","17","units","0","v41693811","7.2","82.9","","","","1"
"1992","Nova Scotia","2016A000212","All-items","2002=100","17","units","0","v41693811","7.2","83.5","","","","1"
"1993","Nova Scotia","2016A000212","All-items","2002=100","17","units","0","v41693811","7.2","84.5","","","","1"
"1994","Nova Scotia","2016A000212","All-items","2002=100","17","units","0","v41693811","7.2","85.5","","","","1"
"1995","Nova Scotia","2016A000212","All-items","2002=100","17","units","0","v41693811","7.2","86.6","","","","1"
"1996","Nova Scotia","2016A000212","All-items","2002=100","17","units","0","v41693811","7.2","88.2","","","","1"
"1997","Nova Scotia","2016A000212","All-items","2002=100","17","units","0","v41693811","7.2","90.0","","","","1"
"1998","Nova Scotia","2016A000212","All-items","2002=100","17","units","0","v41693811","7.2","90.6","","","","1"
"1999","Nova Scotia","2016A000212","All-items","2002=100","17","units","0","v41693811","7.2","92.1","","","","1"
"2000","Nova Scotia","2016A000212","All-items","2002=100","17","units","0","v41693811","7.2","95.3","","","","1"
"2001","Nova Scotia","2016A000212","All-items","2002=100","17","units","0","v41693811","7.2","97.1","","","","1"
"2002","Nova Scotia","2016A000212","All-items","2002=100","17","units","0","v41693811","7.2","100.0","","","","1"
"2003","Nova Scotia","2016A000212","All-items","2002=100","17","units","0","v41693811","7.2","103.4","","","","1"
"2004","Nova Scotia","2016A000212","All-items","2002=100","17","units","0","v41693811","7.2","105.3","","","","1"
"2005","Nova Scotia","2016A000212","All-items","2002=100","17","units","0","v41693811","7.2","108.2","","","","1"
"2006","Nova Scotia","2016A000212","All-items","2002=100","17","units","0","v41693811","7.2","110.4","","","","1"
"2007","Nova Scotia","2016A000212","All-items","2002=100","17","units","0","v41693811","7.2","112.5","","","","1"
"2008","Nova Scotia","2016A000212","All-items","2002=100","17","units","0","v41693811","7.2","115.9","","","","1"
"2009","Nova Scotia","2016A000212","All-items","2002=100","17","units","0","v41693811","7.2","115.7","","","","1"
"2010","Nova Scotia","2016A000212","All-items","2002=100","17","units","0","v41693811","7.2","118.2","","","","1"
"2011","Nova Scotia","2016A000212","All-items","2002=100","17","units","0","v41693811","7.2","122.7","","","","1"
"2012","Nova Scotia","2016A000212","All-items","2002=100","17","units","0","v41693811","7.2","125.1","","","","1"
"2013","Nova Scotia","2016A000212","All-items","2002=100","17","units","0","v41693811","7.2","126.6","","","","1"
"2014","Nova Scotia","2016A000212","All-items","2002=100","17","units","0","v41693811","7.2","128.8","","","","1"
"2015","Nova Scotia","2016A000212","All-items","2002=100","17","units","0","v41693811","7.2","129.3","","","","1"
"2016","Nova Scotia","2016A000212","All-items","2002=100","17","units","0","v41693811","7.2","130.9","","","","1"
"2017","Nova Scotia","2016A000212","All-items","2002=100","17","units","0","v41693811","7.2","132.4","","","","1"
"2018","Nova Scotia","2016A000212","All-items","2002=100","17","units","0","v41693811","7.2","135.3","","","","1"
"2019","Nova Scotia","2016A000212","All-items","2002=100","17","units","0","v41693811","7.2","137.5","","","","1"
"2020","Nova Scotia","2016A000212","All-items","2002=100","17","units","0","v41693811","7.2","137.9","","","","1"
"2021","Nova Scotia","2016A000212","All-items","2002=100","17","units","0","v41693811","7.2","143.5","","","","1"
"2022","Nova Scotia","2016A000212","All-items","2002=100","17","units","0","v41693811","7.2","154.3","","","","1"
"2023","Nova Scotia","2016A000212","All-items","2002=100","17","units","0","v41693811","7.2","160.5","","","","1"
"1981","Nova Scotia","2016A000212","Food","2002=100","17","units","0","v41693812","7.3","56.4","","","","1"
"1982","Nova Scotia","2016A000212","Food","2002=100","17","units","0","v41693812","7.3","58.6","","","","1"
"1983","Nova Scotia","2016A000212","Food","2002=100","17","units","0","v41693812","7.3","60.0","","","","1"
"1984","Nova Scotia","2016A000212","Food","2002=100","17","units","0","v41693812","7.3","62.9","","","","1"
"1985","Nova Scotia","2016A000212","Food","2002=100","17","units","0","v41693812","7.3","64.3","","","","1"
"1986","Nova Scotia","2016A000212","Food","2002=100","17","units","0","v41693812","7.3","66.8","","","","1"
"1987","Nova Scotia","2016A000212","Food","2002=100","17","units","0","v41693812","7.3","69.6","","","","1"
"1988","Nova Scotia","2016A000212","Food","2002=100","17","units","0","v41693812","7.3","72.8","","","","1"
"1989","Nova Scotia","2016A000212","Food","2002=100","17","units","0","v41693812","7.3","76.4","","","","1"
"1990","Nova Scotia","2016A000212","Food","2002=100","17","units","0","v41693812","7.3","80.2","","","","1"
"1991","Nova Scotia","2016A000212","Food","2002=100","17","units","0","v41693812","7.3","84.4","","","","1"
"1992","Nova Scotia","2016A000212","Food","2002=100","17","units","0","v41693812","7.3","83.5","","","","1"
"1993","Nova Scotia","2016A000212","Food","2002=100","17","units","0","v41693812","7.3","84.8","","","","1"
"1994","Nova Scotia","2016A000212","Food","2002=100","17","units","0","v41693812","7.3","87.6","","","","1"
"1995","Nova Scotia","2016A000212","Food","2002=100","17","units","0","v41693812","7.3","87.6","","","","1"
"1996","Nova Scotia","2016A000212","Food","2002=100","17","units","0","v41693812","7.3","88.8","","","","1"
"1997","Nova Scotia","2016A000212","Food","2002=100","17","units","0","v41693812","7.3","90.4","","","","1"
"1998","Nova Scotia","2016A000212","Food","2002=100","17","units","0","v41693812","7.3","92.2","","","","1"
"1999","Nova Scotia","2016A000212","Food","2002=100","17","units","0","v41693812","7.3","92.9","","","","1"
"2000","Nova Scotia","2016A000212","Food","2002=100","17","units","0","v41693812","7.3","94.4","","","","1"
"2001","Nova Scotia","2016A000212","Food","2002=100","17","units","0","v41693812","7.3","96.8","","","","1"
"2002","Nova Scotia","2016A000212","Food","2002=100","17","units","0","v41693812","7.3","100.0","","","","1"
"2003","Nova Scotia","2016A000212","Food","2002=100","17","units","0","v41693812","7.3","102.2","","","","1"
"2004","Nova Scotia","2016A000212","Food","2002=100","17","units","0","v41693812","7.3","104.5","","","","1"
"2005","Nova Scotia","2016A000212","Food","2002=100","17","units","0","v41693812","7.3","107.8","","","","1"
"2006","Nova Scotia","2016A000212","Food","2002=100","17","units","0","v41693812","7.3","110.9","","","","1"
"2007","Nova Scotia","2016A000212","Food","2002=100","17","units","0","v41693812","7.3","114.5","","","","1"
"2008","Nova Scotia","2016A000212","Food","2002=100","17","units","0","v41693812","7.3","119.2","","","","1"
"2009","Nova Scotia","2016A000212","Food","2002=100","17","units","0","v41693812","7.3","125.8","","","","1"
"2010","Nova Scotia","2016A000212","Food","2002=100","17","units","0","v41693812","7.3","128.2","","","","1"
"2011","Nova Scotia","2016A000212","Food","2002=100","17","units","0","v41693812","7.3","134.1","","","","1"
"2012","Nova Scotia","2016A000212","Food","2002=100","17","units","0","v41693812","7.3","137.8","","","","1"
"2013","Nova Scotia","2016A000212","Food","2002=100","17","units","0","v41693812","7.3","139.6","","","","1"
"2014","Nova Scotia","2016A000212","Food","2002=100","17","units","0","v41693812","7.3","141.5","","","","1"
"2015","Nova Scotia","2016A000212","Food","2002=100","17","units","0","v41693812","7.3","147.8","","","","1"
"2016","Nova Scotia","2016A000212","Food","2002=100","17","units","0","v41693812","7.3","151.4","","","","1"
"2017","Nova Scotia","2016A000212","Food","2002=100","17","units","0","v41693812","7.3","148.4","","","","1"
"2018","Nova Scotia","2016A000212","Food","2002=100","17","units","0","v41693812","7.3","148.9","","","","1"
"2019","Nova Scotia","2016A000212","Food","2002=100","17","units","0","v41693812","7.3","153.0","","","","1"
"2020","Nova Scotia","2016A000212","Food","2002=100","17","units","0","v41693812","7.3","157.2","","","","1"
"2021","Nova Scotia","2016A000212","Food","2002=100","17","units","0","v41693812","7.3","161.0","","","","1"
"2022","Nova Scotia","2016A000212","Food","2002=100","17","units","0","v41693812","7.3","175.7","","","","1"
"2023","Nova Scotia","2016A000212","Food","2002=100","17","units","0","v41693812","7.3","189.6","","","","1"
"1981","Nova Scotia","2016A000212","Shelter","2002=100","17","units","0","v41693844","7.79","51.9","","","","1"
"1982","Nova Scotia","2016A000212","Shelter","2002=100","17","units","0","v41693844","7.79","58.5","","","","1"
"1983","Nova Scotia","2016A000212","Shelter","2002=100","17","units","0","v41693844","7.79","64.1","","","","1"
"1984","Nova Scotia","2016A000212","Shelter","2002=100","17","units","0","v41693844","7.79","67.0","","","","1"
"1985","Nova Scotia","2016A000212","Shelter","2002=100","17","units","0","v41693844","7.79","70.3","","","","1"
"1986","Nova Scotia","2016A000212","Shelter","2002=100","17","units","0","v41693844","7.79","70.7","","","","1"
"1987","Nova Scotia","2016A000212","Shelter","2002=100","17","units","0","v41693844","7.79","71.7","","","","1"
"1988","Nova Scotia","2016A000212","Shelter","2002=100","17","units","0","v41693844","7.79","73.3","","","","1"
"1989","Nova Scotia","2016A000212","Shelter","2002=100","17","units","0","v41693844","7.79","75.9","","","","1"
"1990","Nova Scotia","2016A000212","Shelter","2002=100","17","units","0","v41693844","7.79","80.3","","","","1"
"1991","Nova Scotia","2016A000212","Shelter","2002=100","17","units","0","v41693844","7.79","84.8","","","","1"
"1992","Nova Scotia","2016A000212","Shelter","2002=100","17","units","0","v41693844","7.79","85.3","","","","1"
"1993","Nova Scotia","2016A000212","Shelter","2002=100","17","units","0","v41693844","7.79","85.8","","","","1"
"1994","Nova Scotia","2016A000212","Shelter","2002=100","17","units","0","v41693844","7.79","85.7","","","","1"
"1995","Nova Scotia","2016A000212","Shelter","2002=100","17","units","0","v41693844","7.79","86.9","","","","1"
"1996","Nova Scotia","2016A000212","Shelter","2002=100","17","units","0","v41693844","7.79","88.8","","","","1"
"1997","Nova Scotia","2016A000212","Shelter","2002=100","17","units","0","v41693844","7.79","90.1","","","","1"
"1998","Nova Scotia","2016A000212","Shelter","2002=100","17","units","0","v41693844","7.79","89.3","","","","1"
"1999","Nova Scotia","2016A000212","Shelter","2002=100","17","units","0","v41693844","7.79","91.0","","","","1"
"2000","Nova Scotia","2016A000212","Shelter","2002=100","17","units","0","v41693844","7.79","97.4","","","","1"
"2001","Nova Scotia","2016A000212","Shelter","2002=100","17","units","0","v41693844","7.79","99.3","","","","1"
"2002","Nova Scotia","2016A000212","Shelter","2002=100","17","units","0","v41693844","7.79","100.0","","","","1"
"2003","Nova Scotia","2016A000212","Shelter","2002=100","17","units","0","v41693844","7.79","104.3","","","","1"
"2004","Nova Scotia","2016A000212","Shelter","2002=100","17","units","0","v41693844","7.79","106.9","","","","1"
"2005","Nova Scotia","2016A000212","Shelter","2002=100","17","units","0","v41693844","7.79","111.7","","","","1"
"2006","Nova Scotia","2016A000212","Shelter","2002=100","17","units","0","v41693844","7.79","115.4","","","","1"
"2007","Nova Scotia","2016A000212","Shelter","2002=100","17","units","0","v41693844","7.79","117.2","","","","1"
"2008","Nova Scotia","2016A000212","Shelter","2002=100","17","units","0","v41693844","7.79","125.5","","","","1"
"2009","Nova Scotia","2016A000212","Shelter","2002=100","17","units","0","v41693844","7.79","124.0","","","","1"
"2010","Nova Scotia","2016A000212","Shelter","2002=100","17","units","0","v41693844","7.79","125.5","","","","1"
"2011","Nova Scotia","2016A000212","Shelter","2002=100","17","units","0","v41693844","7.79","131.2","","","","1"
"2012","Nova Scotia","2016A000212","Shelter","2002=100","17","units","0","v41693844","7.79","135.2","","","","1"
"2013","Nova Scotia","2016A000212","Shelter","2002=100","17","units","0","v41693844","7.79","138.1","","","","1"
"2014","Nova Scotia","2016A000212","Shelter","2002=100","17","units","0","v41693844","7.79","141.1","","","","1"
"2015","Nova Scotia","2016A000212","Shelter","2002=100","17","units","0","v41693844","7.79","139.7","","","","1"
"2016","Nova Scotia","2016A000212","Shelter","2002=100","17","units","0","v41693844","7.79","139.4","","","","1"
"2017","Nova Scotia","2016A000212","Shelter","2002=100","17","units","0","v41693844","7.79","141.7","","","","1"
"2018","Nova Scotia","2016A000212","Shelter","2002=100","17","units","0","v41693844","7.79","146.1","","","","1"
"2019","Nova Scotia","2016A000212","Shelter","2002=100","17","units","0","v41693844","7.79","149.2","","","","1"
"2020","Nova Scotia","2016A000212","Shelter","2002=100","17","units","0","v41693844","7.79","150.0","","","","1"
"2021","Nova Scotia","2016A000212","Shelter","2002=100","17","units","0","v41693844","7.79","157.2","","","","1"
"2022","Nova Scotia","2016A000212","Shelter","2002=100","17","units","0","v41693844","7.79","170.7","","","","1"
"2023","Nova Scotia","2016A000212","Shelter","2002=100","17","units","0","v41693844","7.79","179.9","","","","1"
"1981","Nova Scotia","2016A000212","Household operations, furnishings and equipment","2002=100","17","units","0","v41693856","7.96","62.5","","","","1"
"1982","Nova Scotia","2016A000212","Household operations, furnishings and equipment","2002=100","17","units","0","v41693856","7.96","69.1","","","","1"
"1983","Nova Scotia","2016A000212","Household operations, furnishings and equipment","2002=100","17","units","0","v41693856","7.96","72.2","","","","1"
"1984","Nova Scotia","2016A000212","Household operations, furnishings and equipment","2002=100","17","units","0","v41693856","7.96","74.1","","","","1"
"1985","Nova Scotia","2016A000212","Household operations, furnishings and equipment","2002=100","17","units","0","v41693856","7.96","76.0","","","","1"
"1986","Nova Scotia","2016A000212","Household operations, furnishings and equipment","2002=100","17","units","0","v41693856","7.96","78.0","","","","1"
"1987","Nova Scotia","2016A000212","Household operations, furnishings and equipment","2002=100","17","units","0","v41693856","7.96","80.1","","","","1"
"1988","Nova Scotia","2016A000212","Household operations, furnishings and equipment","2002=100","17","units","0","v41693856","7.96","83.1","","","","1"
"1989","Nova Scotia","2016A000212","Household operations, furnishings and equipment","2002=100","17","units","0","v41693856","7.96","86.0","","","","1"
"1990","Nova Scotia","2016A000212","Household operations, furnishings and equipment","2002=100","17","units","0","v41693856","7.96","86.8","","","","1"
"1991","Nova Scotia","2016A000212","Household operations, furnishings and equipment","2002=100","17","units","0","v41693856","7.96","90.1","","","","1"
"1992","Nova Scotia","2016A000212","Household operations, furnishings and equipment","2002=100","17","units","0","v41693856","7.96","90.0","","","","1"
"1993","Nova Scotia","2016A000212","Household operations, furnishings and equipment","2002=100","17","units","0","v41693856","7.96","90.5","","","","1"
"1994","Nova Scotia","2016A000212","Household operations, furnishings and equipment","2002=100","17","units","0","v41693856","7.96","92.4","","","","1"
"1995","Nova Scotia","2016A000212","Household operations, furnishings and equipment","2002=100","17","units","0","v41693856","7.96","93.9","","","","1"
"1996","Nova Scotia","2016A000212","Household operations, furnishings and equipment","2002=100","17","units","0","v41693856","7.96","95.7","","","","1"
"1997","Nova Scotia","2016A000212","Household operations, furnishings and equipment","2002=100","17","units","0","v41693856","7.96","95.0","","","","1"
"1998","Nova Scotia","2016A000212","Household operations, furnishings and equipment","2002=100","17","units","0","v41693856","7.96","96.6","","","","1"
"1999","Nova Scotia","2016A000212","Household operations, furnishings and equipment","2002=100","17","units","0","v41693856","7.96","97.4","","","","1"
"2000","Nova Scotia","2016A000212","Household operations, furnishings and equipment","2002=100","17","units","0","v41693856","7.96","97.5","","","","1"
"2001","Nova Scotia","2016A000212","Household operations, furnishings and equipment","2002=100","17","units","0","v41693856","7.96","98.5","","","","1"
"2002","Nova Scotia","2016A000212","Household operations, furnishings and equipment","2002=100","17","units","0","v41693856","7.96","100.0","","","","1"
"2003","Nova Scotia","2016A000212","Household operations, furnishings and equipment","2002=100","17","units","0","v41693856","7.96","101.3","","","","1"
"2004","Nova Scotia","2016A000212","Household operations, furnishings and equipment","2002=100","17","units","0","v41693856","7.96","101.5","","","","1"
"2005","Nova Scotia","2016A000212","Household operations, furnishings and equipment","2002=100","17","units","0","v41693856","7.96","102.4","","","","1"
"2006","Nova Scotia","2016A000212","Household operations, furnishings and equipment","2002=100","17","units","0","v41693856","7.96","102.7","","","","1"
"2007","Nova Scotia","2016A000212","Household operations, furnishings and equipment","2002=100","17","units","0","v41693856","7.96","104.0","","","","1"
"2008","Nova Scotia","2016A000212","Household operations, furnishings and equipment","2002=100","17","units","0","v41693856","7.96","105.7","","","","1"
"2009","Nova Scotia","2016A000212","Household operations, furnishings and equipment","2002=100","17","units","0","v41693856","7.96","108.4","","","","1"
"2010","Nova Scotia","2016A000212","Household operations, furnishings and equipment","2002=100","17","units","0","v41693856","7.96","110.7","","","","1"
"2011","Nova Scotia","2016A000212","Household operations, furnishings and equipment","2002=100","17","units","0","v41693856","7.96","111.9","","","","1"
"2012","Nova Scotia","2016A000212","Household operations, furnishings and equipment","2002=100","17","units","0","v41693856","7.96","113.1","","","","1"
"2013","Nova Scotia","2016A000212","Household operations, furnishings and equipment","2002=100","17","units","0","v41693856","7.96","115.0","","","","1"
"2014","Nova Scotia","2016A000212","Household operations, furnishings and equipment","2002=100","17","units","0","v41693856","7.96","117.2","","","","1"
"2015","Nova Scotia","2016A000212","Household operations, furnishings and equipment","2002=100","17","units","0","v41693856","7.96","120.5","","","","1"
"2016","Nova Scotia","2016A000212","Household operations, furnishings and equipment","2002=100","17","units","0","v41693856","7.96","122.7","","","","1"
"2017","Nova Scotia","2016A000212","Household operations, furnishings and equipment","2002=100","17","units","0","v41693856","7.96","122.3","","","","1"
"2018","Nova Scotia","2016A000212","Household operations, furnishings and equipment","2002=100","17","units","0","v41693856","7.96","122.2","","","","1"
"2019","Nova Scotia","2016A000212","Household operations, furnishings and equipment","2002=100","17","units","0","v41693856","7.96","122.1","","","","1"
"2020","Nova Scotia","2016A000212","Household operations, furnishings and equipment","2002=100","17","units","0","v41693856","7.96","122.0","","","","1"
"2021","Nova Scotia","2016A000212","Household operations, furnishings and equipment","2002=100","17","units","0","v41693856","7.96","122.4","","","","1"
"2022","Nova Scotia","2016A000212","Household operations, furnishings and equipment","2002=100","17","units","0","v41693856","7.96","127.3","","","","1"
"2023","Nova Scotia","2016A000212","Household operations, furnishings and equipment","2002=100","17","units","0","v41693856","7.96","127.5","","","","1"
"1981","Nova Scotia","2016A000212","Clothing and footwear","2002=100","17","units","0","v41693871","7.139","61.1","","","","1"
"1982","Nova Scotia","2016A000212","Clothing and footwear","2002=100","17","units","0","v41693871","7.139","63.8","","","","1"
"1983","Nova Scotia","2016A000212","Clothing and footwear","2002=100","17","units","0","v41693871","7.139","67.0","","","","1"
"1984","Nova Scotia","2016A000212","Clothing and footwear","2002=100","17","units","0","v41693871","7.139","68.7","","","","1"
"1985","Nova Scotia","2016A000212","Clothing and footwear","2002=100","17","units","0","v41693871","7.139","70.4","","","","1"
"1986","Nova Scotia","2016A000212","Clothing and footwear","2002=100","17","units","0","v41693871","7.139","71.2","","","","1"
"1987","Nova Scotia","2016A000212","Clothing and footwear","2002=100","17","units","0","v41693871","7.139","73.9","","","","1"
"1988","Nova Scotia","2016A000212","Clothing and footwear","2002=100","17","units","0","v41693871","7.139","76.9","","","","1"
"1989","Nova Scotia","2016A000212","Clothing and footwear","2002=100","17","units","0","v41693871","7.139","79.3","","","","1"
"1990","Nova Scotia","2016A000212","Clothing and footwear","2002=100","17","units","0","v41693871","7.139","81.7","","","","1"
"1991","Nova Scotia","2016A000212","Clothing and footwear","2002=100","17","units","0","v41693871","7.139","89.4","","","","1"
"1992","Nova Scotia","2016A000212","Clothing and footwear","2002=100","17","units","0","v41693871","7.139","89.9","","","","1"
"1993","Nova Scotia","2016A000212","Clothing and footwear","2002=100","17","units","0","v41693871","7.139","91.6","","","","1"
"1994","Nova Scotia","2016A000212","Clothing and footwear","2002=100","17","units","0","v41693871","7.139","92.4","","","","1"
"1995","Nova Scotia","2016A000212","Clothing and footwear","2002=100","17","units","0","v41693871","7.139","92.0","","","","1"
"1996","Nova Scotia","2016A000212","Clothing and footwear","2002=100","17","units","0","v41693871","7.139","92.5","","","","1"
"1997","Nova Scotia","2016A000212","Clothing and footwear","2002=100","17","units","0","v41693871","7.139","98.2","","","","1"
"1998","Nova Scotia","2016A000212","Clothing and footwear","2002=100","17","units","0","v41693871","7.139","98.5","","","","1"
"1999","Nova Scotia","2016A000212","Clothing and footwear","2002=100","17","units","0","v41693871","7.139","102.3","","","","1"
"2000","Nova Scotia","2016A000212","Clothing and footwear","2002=100","17","units","0","v41693871","7.139","101.5","","","","1"
"2001","Nova Scotia","2016A000212","Clothing and footwear","2002=100","17","units","0","v41693871","7.139","102.7","","","","1"
"2002","Nova Scotia","2016A000212","Clothing and footwear","2002=100","17","units","0","v41693871","7.139","100.0","","","","1"
"2003","Nova Scotia","2016A000212","Clothing and footwear","2002=100","17","units","0","v41693871","7.139","100.6","","","","1"
"2004","Nova Scotia","2016A000212","Clothing and footwear","2002=100","17","units","0","v41693871","7.139","99.0","","","","1"
"2005","Nova Scotia","2016A000212","Clothing and footwear","2002=100","17","units","0","v41693871","7.139","99.3","","","","1"
"2006","Nova Scotia","2016A000212","Clothing and footwear","2002=100","17","units","0","v41693871","7.139","96.3","","","","1"
"2007","Nova Scotia","2016A000212","Clothing and footwear","2002=100","17","units","0","v41693871","7.139","97.3","","","","1"
"2008","Nova Scotia","2016A000212","Clothing and footwear","2002=100","17","units","0","v41693871","7.139","95.8","","","","1"
"2009","Nova Scotia","2016A000212","Clothing and footwear","2002=100","17","units","0","v41693871","7.139","90.8","","","","1"
"2010","Nova Scotia","2016A000212","Clothing and footwear","2002=100","17","units","0","v41693871","7.139","89.8","","","","1"
"2011","Nova Scotia","2016A000212","Clothing and footwear","2002=100","17","units","0","v41693871","7.139","92.9","","","","1"
"2012","Nova Scotia","2016A000212","Clothing and footwear","2002=100","17","units","0","v41693871","7.139","93.7","","","","1"
"2013","Nova Scotia","2016A000212","Clothing and footwear","2002=100","17","units","0","v41693871","7.139","95.9","","","","1"
"2014","Nova Scotia","2016A000212","Clothing and footwear","2002=100","17","units","0","v41693871","7.139","98.2","","","","1"
"2015","Nova Scotia","2016A000212","Clothing and footwear","2002=100","17","units","0","v41693871","7.139","100.0","","","","1"
"2016","Nova Scotia","2016A000212","Clothing and footwear","2002=100","17","units","0","v41693871","7.139","96.3","","","","1"
"2017","Nova Scotia","2016A000212","Clothing and footwear","2002=100","17","units","0","v41693871","7.139","96.7","","","","1"
"2018","Nova Scotia","2016A000212","Clothing and footwear","2002=100","17","units","0","v41693871","7.139","99.6","","","","1"
"2019","Nova Scotia","2016A000212","Clothing and footwear","2002=100","17","units","0","v41693871","7.139","100.2","","","","1"
"2020","Nova Scotia","2016A000212","Clothing and footwear","2002=100","17","units","0","v41693871","7.139","98.9","","","","1"
"2021","Nova Scotia","2016A000212","Clothing and footwear","2002=100","17","units","0","v41693871","7.139","97.4","","","","1"
"2022","Nova Scotia","2016A000212","Clothing and footwear","2002=100","17","units","0","v41693871","7.139","99.5","","","","1"
"2023","Nova Scotia","2016A000212","Clothing and footwear","2002=100","17","units","0","v41693871","7.139","102.1","","","","1"
"1981","Nova Scotia","2016A000212","Transportation","2002=100","17","units","0","v41693879","7.176","46.5","","","","1"
"1982","Nova Scotia","2016A000212","Transportation","2002=100","17","units","0","v41693879","7.176","52.4","","","","1"
"1983","Nova Scotia","2016A000212","Transportation","2002=100","17","units","0","v41693879","7.176","55.6","","","","1"
"1984","Nova Scotia","2016A000212","Transportation","2002=100","17","units","0","v41693879","7.176","57.7","","","","1"
"1985","Nova Scotia","2016A000212","Transportation","2002=100","17","units","0","v41693879","7.176","60.9","","","","1"
"1986","Nova Scotia","2016A000212","Transportation","2002=100","17","units","0","v41693879","7.176","62.4","","","","1"
"1987","Nova Scotia","2016A000212","Transportation","2002=100","17","units","0","v41693879","7.176","63.3","","","","1"
"1988","Nova Scotia","2016A000212","Transportation","2002=100","17","units","0","v41693879","7.176","64.5","","","","1"
"1989","Nova Scotia","2016A000212","Transportation","2002=100","17","units","0","v41693879","7.176","67.0","","","","1"
"1990","Nova Scotia","2016A000212","Transportation","2002=100","17","units","0","v41693879","7.176","70.6","","","","1"
"1991","Nova Scotia","2016A000212","Transportation","2002=100","17","units","0","v41693879","7.176","73.1","","","","1"
"1992","Nova Scotia","2016A000212","Transportation","2002=100","17","units","0","v41693879","7.176","74.3","","","","1"
"1993","Nova Scotia","2016A000212","Transportation","2002=100","17","units","0","v41693879","7.176","75.3","","","","1"
"1994","Nova Scotia","2016A000212","Transportation","2002=100","17","units","0","v41693879","7.176","79.6","","","","1"
"1995","Nova Scotia","2016A000212","Transportation","2002=100","17","units","0","v41693879","7.176","83.8","","","","1"
"1996","Nova Scotia","2016A000212","Transportation","2002=100","17","units","0","v41693879","7.176","85.4","","","","1"
"1997","Nova Scotia","2016A000212","Transportation","2002=100","17","units","0","v41693879","7.176","88.5","","","","1"
"1998","Nova Scotia","2016A000212","Transportation","2002=100","17","units","0","v41693879","7.176","87.8","","","","1"
"1999","Nova Scotia","2016A000212","Transportation","2002=100","17","units","0","v41693879","7.176","90.0","","","","1"
"2000","Nova Scotia","2016A000212","Transportation","2002=100","17","units","0","v41693879","7.176","95.4","","","","1"
"2001","Nova Scotia","2016A000212","Transportation","2002=100","17","units","0","v41693879","7.176","95.2","","","","1"
"2002","Nova Scotia","2016A000212","Transportation","2002=100","17","units","0","v41693879","7.176","100.0","","","","1"
"2003","Nova Scotia","2016A000212","Transportation","2002=100","17","units","0","v41693879","7.176","104.7","","","","1"
"2004","Nova Scotia","2016A000212","Transportation","2002=100","17","units","0","v41693879","7.176","106.3","","","","1"
"2005","Nova Scotia","2016A000212","Transportation","2002=100","17","units","0","v41693879","7.176","110.5","","","","1"
"2006","Nova Scotia","2016A000212","Transportation","2002=100","17","units","0","v41693879","7.176","113.4","","","","1"
"2007","Nova Scotia","2016A000212","Transportation","2002=100","17","units","0","v41693879","7.176","115.2","","","","1"
"2008","Nova Scotia","2016A000212","Transportation","2002=100","17","units","0","v41693879","7.176","116.6","","","","1"
"2009","Nova Scotia","2016A000212","Transportation","2002=100","17","units","0","v41693879","7.176","109.1","","","","1"
"2010","Nova Scotia","2016A000212","Transportation","2002=100","17","units","0","v41693879","7.176","114.1","","","","1"
"2011","Nova Scotia","2016A000212","Transportation","2002=100","17","units","0","v41693879","7.176","121.7","","","","1"
"2012","Nova Scotia","2016A000212","Transportation","2002=100","17","units","0","v41693879","7.176","123.9","","","","1"
"2013","Nova Scotia","2016A000212","Transportation","2002=100","17","units","0","v41693879","7.176","124.5","","","","1"
"2014","Nova Scotia","2016A000212","Transportation","2002=100","17","units","0","v41693879","7.176","125.9","","","","1"
"2015","Nova Scotia","2016A000212","Transportation","2002=100","17","units","0","v41693879","7.176","120.9","","","","1"
"2016","Nova Scotia","2016A000212","Transportation","2002=100","17","units","0","v41693879","7.176","122.6","","","","1"
"2017","Nova Scotia","2016A000212","Transportation","2002=100","17","units","0","v41693879","7.176","126.4","","","","1"
"2018","Nova Scotia","2016A000212","Transportation","2002=100","17","units","0","v41693879","7.176","131.9","","","","1"
"2019","Nova Scotia","2016A000212","Transportation","2002=100","17","units","0","v41693879","7.176","134.5","","","","1"
"2020","Nova Scotia","2016A000212","Transportation","2002=100","17","units","0","v41693879","7.176","133.0","","","","1"
"2021","Nova Scotia","2016A000212","Transportation","2002=100","17","units","0","v41693879","7.176","146.6","","","","1"
"2022","Nova Scotia","2016A000212","Transportation","2002=100","17","units","0","v41693879","7.176","165.5","","","","1"
"2023","Nova Scotia","2016A000212","Transportation","2002=100","17","units","0","v41693879","7.176","167.2","","","","1"
"1981","Nova Scotia","2016A000212","Gasoline","2002=100","17","units","0","v41693885","7.184","49.1","","","","1"
"1982","Nova Scotia","2016A000212","Gasoline","2002=100","17","units","0","v41693885","7.184","60.5","","","","1"
"1983","Nova Scotia","2016A000212","Gasoline","2002=100","17","units","0","v41693885","7.184","67.0","","","","1"
"1984","Nova Scotia","2016A000212","Gasoline","2002=100","17","units","0","v41693885","7.184","70.3","","","","1"
"1985","Nova Scotia","2016A000212","Gasoline","2002=100","17","units","0","v41693885","7.184","76.3","","","","1"
"1986","Nova Scotia","2016A000212","Gasoline","2002=100","17","units","0","v41693885","7.184","67.7","","","","1"
"1987","Nova Scotia","2016A000212","Gasoline","2002=100","17","units","0","v41693885","7.184","65.5","","","","1"
"1988","Nova Scotia","2016A000212","Gasoline","2002=100","17","units","0","v41693885","7.184","65.5","","","","1"
"1989","Nova Scotia","2016A000212","Gasoline","2002=100","17","units","0","v41693885","7.184","66.9","","","","1"
"1990","Nova Scotia","2016A000212","Gasoline","2002=100","17","units","0","v41693885","7.184","75.6","","","","1"
"1991","Nova Scotia","2016A000212","Gasoline","2002=100","17","units","0","v41693885","7.184","82.8","","","","1"
"1992","Nova Scotia","2016A000212","Gasoline","2002=100","17","units","0","v41693885","7.184","78.8","","","","1"
"1993","Nova Scotia","2016A000212","Gasoline","2002=100","17","units","0","v41693885","7.184","70.9","","","","1"
"1994","Nova Scotia","2016A000212","Gasoline","2002=100","17","units","0","v41693885","7.184","73.0","","","","1"
"1995","Nova Scotia","2016A000212","Gasoline","2002=100","17","units","0","v41693885","7.184","76.0","","","","1"
"1996","Nova Scotia","2016A000212","Gasoline","2002=100","17","units","0","v41693885","7.184","74.7","","","","1"
"1997","Nova Scotia","2016A000212","Gasoline","2002=100","17","units","0","v41693885","7.184","81.4","","","","1"
"1998","Nova Scotia","2016A000212","Gasoline","2002=100","17","units","0","v41693885","7.184","78.3","","","","1"
"1999","Nova Scotia","2016A000212","Gasoline","2002=100","17","units","0","v41693885","7.184","83.0","","","","1"
"2000","Nova Scotia","2016A000212","Gasoline","2002=100","17","units","0","v41693885","7.184","102.1","","","","1"
"2001","Nova Scotia","2016A000212","Gasoline","2002=100","17","units","0","v41693885","7.184","99.0","","","","1"
"2002","Nova Scotia","2016A000212","Gasoline","2002=100","17","units","0","v41693885","7.184","100.0","","","","1"
"2003","Nova Scotia","2016A000212","Gasoline","2002=100","17","units","0","v41693885","7.184","105.9","","","","1"
"2004","Nova Scotia","2016A000212","Gasoline","2002=100","17","units","0","v41693885","7.184","118.6","","","","1"
"2005","Nova Scotia","2016A000212","Gasoline","2002=100","17","units","0","v41693885","7.184","131.9","","","","1"
"2006","Nova Scotia","2016A000212","Gasoline","2002=100","17","units","0","v41693885","7.184","139.5","","","","1"
"2007","Nova Scotia","2016A000212","Gasoline","2002=100","17","units","0","v41693885","7.184","144.5","","","","1"
"2008","Nova Scotia","2016A000212","Gasoline","2002=100","17","units","0","v41693885","7.184","159.7","","","","1"
"2009","Nova Scotia","2016A000212","Gasoline","2002=100","17","units","0","v41693885","7.184","130.6","","","","1"
"2010","Nova Scotia","2016A000212","Gasoline","2002=100","17","units","0","v41693885","7.184","143.4","","","","1"
"2011","Nova Scotia","2016A000212","Gasoline","2002=100","17","units","0","v41693885","7.184","169.4","","","","1"
"2012","Nova Scotia","2016A000212","Gasoline","2002=100","17","units","0","v41693885","7.184","176.8","","","","1"
"2013","Nova Scotia","2016A000212","Gasoline","2002=100","17","units","0","v41693885","7.184","176.6","","","","1"
"2014","Nova Scotia","2016A000212","Gasoline","2002=100","17","units","0","v41693885","7.184","176.9","","","","1"
"2015","Nova Scotia","2016A000212","Gasoline","2002=100","17","units","0","v41693885","7.184","143.1","","","","1"
"2016","Nova Scotia","2016A000212","Gasoline","2002=100","17","units","0","v41693885","7.184","134.1","","","","1"
"2017","Nova Scotia","2016A000212","Gasoline","2002=100","17","units","0","v41693885","7.184","146.7","","","","1"
"2018","Nova Scotia","2016A000212","Gasoline","2002=100","17","units","0","v41693885","7.184","160.4","","","","1"
"2019","Nova Scotia","2016A000212","Gasoline","2002=100","17","units","0","v41693885","7.184","153.9","","","","1"
"2020","Nova Scotia","2016A000212","Gasoline","2002=100","17","units","0","v41693885","7.184","124.8","","","","1"
"2021","Nova Scotia","2016A000212","Gasoline","2002=100","17","units","0","v41693885","7.184","173.9","","","","1"
"2022","Nova Scotia","2016A000212","Gasoline","2002=100","17","units","0","v41693885","7.184","227.7","","","","1"
"2023","Nova Scotia","2016A000212","Gasoline","2002=100","17","units","0","v41693885","7.184","218.1","","","","1"
"1981","Nova Scotia","2016A000212","Health and personal care","2002=100","17","units","0","v41693895","7.201","50.1","","","","1"
"1982","Nova Scotia","2016A000212","Health and personal care","2002=100","17","units","0","v41693895","7.201","56.7","","","","1"
"1983","Nova Scotia","2016A000212","Health and personal care","2002=100","17","units","0","v41693895","7.201","61.0","","","","1"
"1984","Nova Scotia","2016A000212","Health and personal care","2002=100","17","units","0","v41693895","7.201","64.0","","","","1"
"1985","Nova Scotia","2016A000212","Health and personal care","2002=100","17","units","0","v41693895","7.201","66.6","","","","1"
"1986","Nova Scotia","2016A000212","Health and personal care","2002=100","17","units","0","v41693895","7.201","68.6","","","","1"
"1987","Nova Scotia","2016A000212","Health and personal care","2002=100","17","units","0","v41693895","7.201","72.1","","","","1"
"1988","Nova Scotia","2016A000212","Health and personal care","2002=100","17","units","0","v41693895","7.201","75.5","","","","1"
"1989","Nova Scotia","2016A000212","Health and personal care","2002=100","17","units","0","v41693895","7.201","79.0","","","","1"
"1990","Nova Scotia","2016A000212","Health and personal care","2002=100","17","units","0","v41693895","7.201","82.0","","","","1"
"1991","Nova Scotia","2016A000212","Health and personal care","2002=100","17","units","0","v41693895","7.201","87.8","","","","1"
"1992","Nova Scotia","2016A000212","Health and personal care","2002=100","17","units","0","v41693895","7.201","88.3","","","","1"
"1993","Nova Scotia","2016A000212","Health and personal care","2002=100","17","units","0","v41693895","7.201","90.0","","","","1"
"1994","Nova Scotia","2016A000212","Health and personal care","2002=100","17","units","0","v41693895","7.201","90.7","","","","1"
"1995","Nova Scotia","2016A000212","Health and personal care","2002=100","17","units","0","v41693895","7.201","90.2","","","","1"
"1996","Nova Scotia","2016A000212","Health and personal care","2002=100","17","units","0","v41693895","7.201","90.7","","","","1"
"1997","Nova Scotia","2016A000212","Health and personal care","2002=100","17","units","0","v41693895","7.201","92.4","","","","1"
"1998","Nova Scotia","2016A000212","Health and personal care","2002=100","17","units","0","v41693895","7.201","94.4","","","","1"
"1999","Nova Scotia","2016A000212","Health and personal care","2002=100","17","units","0","v41693895","7.201","95.9","","","","1"
"2000","Nova Scotia","2016A000212","Health and personal care","2002=100","17","units","0","v41693895","7.201","96.9","","","","1"
"2001","Nova Scotia","2016A000212","Health and personal care","2002=100","17","units","0","v41693895","7.201","99.0","","","","1"
"2002","Nova Scotia","2016A000212","Health and personal care","2002=100","17","units","0","v41693895","7.201","100.0","","","","1"
"2003","Nova Scotia","2016A000212","Health and personal care","2002=100","17","units","0","v41693895","7.201","101.2","","","","1"
"2004","Nova Scotia","2016A000212","Health and personal care","2002=100","17","units","0","v41693895","7.201","102.7","","","","1"
"2005","Nova Scotia","2016A000212","Health and personal care","2002=100","17","units","0","v41693895","7.201","103.7","","","","1"
"2006","Nova Scotia","2016A000212","Health and personal care","2002=100","17","units","0","v41693895","7.201","105.1","","","","1"
"2007","Nova Scotia","2016A000212","Health and personal care","2002=100","17","units","0","v41693895","7.201","106.7","","","","1"
"2008","Nova Scotia","2016A000212","Health and personal care","2002=100","17","units","0","v41693895","7.201","108.4","","","","1"
"2009","Nova Scotia","2016A000212","Health and personal care","2002=100","17","units","0","v41693895","7.201","111.1","","","","1"
"2010","Nova Scotia","2016A000212","Health and personal care","2002=100","17","units","0","v41693895","7.201","112.9","","","","1"
"2011","Nova Scotia","2016A000212","Health and personal care","2002=100","17","units","0","v41693895","7.201","115.3","","","","1"
"2012","Nova Scotia","2016A000212","Health and personal care","2002=100","17","units","0","v41693895","7.201","116.7","","","","1"
"2013","Nova Scotia","2016A000212","Health and personal care","2002=100","17","units","0","v41693895","7.201","115.5","","","","1"
"2014","Nova Scotia","2016A000212","Health and personal care","2002=100","17","units","0","v41693895","7.201","116.4","","","","1"
"2015","Nova Scotia","2016A000212","Health and personal care","2002=100","17","units","0","v41693895","7.201","117.6","","","","1"
"2016","Nova Scotia","2016A000212","Health and personal care","2002=100","17","units","0","v41693895","7.201","119.7","","","","1"
"2017","Nova Scotia","2016A000212","Health and personal care","2002=100","17","units","0","v41693895","7.201","121.7","","","","1"
"2018","Nova Scotia","2016A000212","Health and personal care","2002=100","17","units","0","v41693895","7.201","122.5","","","","1"
"2019","Nova Scotia","2016A000212","Health and personal care","2002=100","17","units","0","v41693895","7.201","122.8","","","","1"
"2020","Nova Scotia","2016A000212","Health and personal care","2002=100","17","units","0","v41693895","7.201","125.2","","","","1"
"2021","Nova Scotia","2016A000212","Health and personal care","2002=100","17","units","0","v41693895","7.201","127.7","","","","1"
"2022","Nova Scotia","2016A000212","Health and personal care","2002=100","17","units","0","v41693895","7.201","132.5","","","","1"
"2023","Nova Scotia","2016A000212","Health and personal care","2002=100","17","units","0","v41693895","7.201","141.6","","","","1"
"1981","Nova Scotia","2016A000212","Recreation, education and reading","2002=100","17","units","0","v41693905","7.219","45.5","","","","1"
"1982","Nova Scotia","2016A000212","Recreation, education and reading","2002=100","17","units","0","v41693905","7.219","49.6","","","","1"
"1983","Nova Scotia","2016A000212","Recreation, education and reading","2002=100","17","units","0","v41693905","7.219","53.6","","","","1"
"1984","Nova Scotia","2016A000212","Recreation, education and reading","2002=100","17","units","0","v41693905","7.219","56.5","","","","1"
"1985","Nova Scotia","2016A000212","Recreation, education and reading","2002=100","17","units","0","v41693905","7.219","59.1","","","","1"
"1986","Nova Scotia","2016A000212","Recreation, education and reading","2002=100","17","units","0","v41693905","7.219","62.2","","","","1"
"1987","Nova Scotia","2016A000212","Recreation, education and reading","2002=100","17","units","0","v41693905","7.219","65.2","","","","1"
"1988","Nova Scotia","2016A000212","Recreation, education and reading","2002=100","17","units","0","v41693905","7.219","68.5","","","","1"
"1989","Nova Scotia","2016A000212","Recreation, education and reading","2002=100","17","units","0","v41693905","7.219","71.2","","","","1"
"1990","Nova Scotia","2016A000212","Recreation, education and reading","2002=100","17","units","0","v41693905","7.219","73.7","","","","1"
"1991","Nova Scotia","2016A000212","Recreation, education and reading","2002=100","17","units","0","v41693905","7.219","76.9","","","","1"
"1992","Nova Scotia","2016A000212","Recreation, education and reading","2002=100","17","units","0","v41693905","7.219","78.5","","","","1"
"1993","Nova Scotia","2016A000212","Recreation, education and reading","2002=100","17","units","0","v41693905","7.219","80.3","","","","1"
"1994","Nova Scotia","2016A000212","Recreation, education and reading","2002=100","17","units","0","v41693905","7.219","83.1","","","","1"
"1995","Nova Scotia","2016A000212","Recreation, education and reading","2002=100","17","units","0","v41693905","7.219","85.5","","","","1"
"1996","Nova Scotia","2016A000212","Recreation, education and reading","2002=100","17","units","0","v41693905","7.219","88.1","","","","1"
"1997","Nova Scotia","2016A000212","Recreation, education and reading","2002=100","17","units","0","v41693905","7.219","90.1","","","","1"
"1998","Nova Scotia","2016A000212","Recreation, education and reading","2002=100","17","units","0","v41693905","7.219","91.3","","","","1"
"1999","Nova Scotia","2016A000212","Recreation, education and reading","2002=100","17","units","0","v41693905","7.219","92.7","","","","1"
"2000","Nova Scotia","2016A000212","Recreation, education and reading","2002=100","17","units","0","v41693905","7.219","94.4","","","","1"
"2001","Nova Scotia","2016A000212","Recreation, education and reading","2002=100","17","units","0","v41693905","7.219","96.7","","","","1"
"2002","Nova Scotia","2016A000212","Recreation, education and reading","2002=100","17","units","0","v41693905","7.219","100.0","","","","1"
"2003","Nova Scotia","2016A000212","Recreation, education and reading","2002=100","17","units","0","v41693905","7.219","101.6","","","","1"
"2004","Nova Scotia","2016A000212","Recreation, education and reading","2002=100","17","units","0","v41693905","7.219","103.2","","","","1"
"2005","Nova Scotia","2016A000212","Recreation, education and reading","2002=100","17","units","0","v41693905","7.219","103.4","","","","1"
"2006","Nova Scotia","2016A000212","Recreation, education and reading","2002=100","17","units","0","v41693905","7.219","104.6","","","","1"
"2007","Nova Scotia","2016A000212","Recreation, education and reading","2002=100","17","units","0","v41693905","7.219","105.7","","","","1"
"2008","Nova Scotia","2016A000212","Recreation, education and reading","2002=100","17","units","0","v41693905","7.219","105.6","","","","1"
"2009","Nova Scotia","2016A000212","Recreation, education and reading","2002=100","17","units","0","v41693905","7.219","105.8","","","","1"
"2010","Nova Scotia","2016A000212","Recreation, education and reading","2002=100","17","units","0","v41693905","7.219","107.4","","","","1"
"2011","Nova Scotia","2016A000212","Recreation, education and reading","2002=100","17","units","0","v41693905","7.219","108.1","","","","1"
"2012","Nova Scotia","2016A000212","Recreation, education and reading","2002=100","17","units","0","v41693905","7.219","108.3","","","","1"
"2013","Nova Scotia","2016A000212","Recreation, education and reading","2002=100","17","units","0","v41693905","7.219","107.7","","","","1"
"2014","Nova Scotia","2016A000212","Recreation, education and reading","2002=100","17","units","0","v41693905","7.219","109.6","","","","1"
"2015","Nova Scotia","2016A000212","Recreation, education and reading","2002=100","17","units","0","v41693905","7.219","111.0","","","","1"
"2016","Nova Scotia","2016A000212","Recreation, education and reading","2002=100","17","units","0","v41693905","7.219","114.6","","","","1"
"2017","Nova Scotia","2016A000212","Recreation, education and reading","2002=100","17","units","0","v41693905","7.219","117.7","","","","1"
"2018","Nova Scotia","2016A000212","Recreation, education and reading","2002=100","17","units","0","v41693905","7.219","120.2","","","","1"
"2019","Nova Scotia","2016A000212","Recreation, education and reading","2002=100","17","units","0","v41693905","7.219","121.9","","","","1"
"2020","Nova Scotia","2016A000212","Recreation, education and reading","2002=100","17","units","0","v41693905","7.219","120.7","","","","1"
"2021","Nova Scotia","2016A000212","Recreation, education and reading","2002=100","17","units","0","v41693905","7.219","123.1","","","","1"
"2022","Nova Scotia","2016A000212","Recreation, education and reading","2002=100","17","units","0","v41693905","7.219","128.4","","","","1"
"2023","Nova Scotia","2016A000212","Recreation, education and reading","2002=100","17","units","0","v41693905","7.219","133.1","","","","1"
"1981","Nova Scotia","2016A000212","Alcoholic beverages, tobacco products and recreational cannabis","2002=100","17","units","0","v41693918","7.256","26.5","","","","1"
"1982","Nova Scotia","2016A000212","Alcoholic beverages, tobacco products and recreational cannabis","2002=100","17","units","0","v41693918","7.256","30.2","","","","1"
"1983","Nova Scotia","2016A000212","Alcoholic beverages, tobacco products and recreational cannabis","2002=100","17","units","0","v41693918","7.256","33.5","","","","1"
"1984","Nova Scotia","2016A000212","Alcoholic beverages, tobacco products and recreational cannabis","2002=100","17","units","0","v41693918","7.256","36.8","","","","1"
"1985","Nova Scotia","2016A000212","Alcoholic beverages, tobacco products and recreational cannabis","2002=100","17","units","0","v41693918","7.256","40.7","","","","1"
"1986","Nova Scotia","2016A000212","Alcoholic beverages, tobacco products and recreational cannabis","2002=100","17","units","0","v41693918","7.256","46.5","","","","1"
"1987","Nova Scotia","2016A000212","Alcoholic beverages, tobacco products and recreational cannabis","2002=100","17","units","0","v41693918","7.256","51.2","","","","1"
"1988","Nova Scotia","2016A000212","Alcoholic beverages, tobacco products and recreational cannabis","2002=100","17","units","0","v41693918","7.256","53.5","","","","1"
"1989","Nova Scotia","2016A000212","Alcoholic beverages, tobacco products and recreational cannabis","2002=100","17","units","0","v41693918","7.256","60.3","","","","1"
"1990","Nova Scotia","2016A000212","Alcoholic beverages, tobacco products and recreational cannabis","2002=100","17","units","0","v41693918","7.256","68.2","","","","1"
"1991","Nova Scotia","2016A000212","Alcoholic beverages, tobacco products and recreational cannabis","2002=100","17","units","0","v41693918","7.256","79.1","","","","1"
"1992","Nova Scotia","2016A000212","Alcoholic beverages, tobacco products and recreational cannabis","2002=100","17","units","0","v41693918","7.256","81.0","","","","1"
"1993","Nova Scotia","2016A000212","Alcoholic beverages, tobacco products and recreational cannabis","2002=100","17","units","0","v41693918","7.256","81.4","","","","1"
"1994","Nova Scotia","2016A000212","Alcoholic beverages, tobacco products and recreational cannabis","2002=100","17","units","0","v41693918","7.256","71.2","","","","1"
"1995","Nova Scotia","2016A000212","Alcoholic beverages, tobacco products and recreational cannabis","2002=100","17","units","0","v41693918","7.256","68.2","","","","1"
"1996","Nova Scotia","2016A000212","Alcoholic beverages, tobacco products and recreational cannabis","2002=100","17","units","0","v41693918","7.256","69.0","","","","1"
"1997","Nova Scotia","2016A000212","Alcoholic beverages, tobacco products and recreational cannabis","2002=100","17","units","0","v41693918","7.256","70.1","","","","1"
"1998","Nova Scotia","2016A000212","Alcoholic beverages, tobacco products and recreational cannabis","2002=100","17","units","0","v41693918","7.256","72.5","","","","1"
"1999","Nova Scotia","2016A000212","Alcoholic beverages, tobacco products and recreational cannabis","2002=100","17","units","0","v41693918","7.256","73.7","","","","1"
"2000","Nova Scotia","2016A000212","Alcoholic beverages, tobacco products and recreational cannabis","2002=100","17","units","0","v41693918","7.256","76.0","","","","1"
"2001","Nova Scotia","2016A000212","Alcoholic beverages, tobacco products and recreational cannabis","2002=100","17","units","0","v41693918","7.256","83.6","","","","1"
"2002","Nova Scotia","2016A000212","Alcoholic beverages, tobacco products and recreational cannabis","2002=100","17","units","0","v41693918","7.256","100.0","","","","1"
"2003","Nova Scotia","2016A000212","Alcoholic beverages, tobacco products and recreational cannabis","2002=100","17","units","0","v41693918","7.256","115.0","","","","1"
"2004","Nova Scotia","2016A000212","Alcoholic beverages, tobacco products and recreational cannabis","2002=100","17","units","0","v41693918","7.256","122.4","","","","1"
"2005","Nova Scotia","2016A000212","Alcoholic beverages, tobacco products and recreational cannabis","2002=100","17","units","0","v41693918","7.256","126.9","","","","1"
"2006","Nova Scotia","2016A000212","Alcoholic beverages, tobacco products and recreational cannabis","2002=100","17","units","0","v41693918","7.256","129.8","","","","1"
"2007","Nova Scotia","2016A000212","Alcoholic beverages, tobacco products and recreational cannabis","2002=100","17","units","0","v41693918","7.256","136.6","","","","1"
"2008","Nova Scotia","2016A000212","Alcoholic beverages, tobacco products and recreational cannabis","2002=100","17","units","0","v41693918","7.256","139.6","","","","1"
"2009","Nova Scotia","2016A000212","Alcoholic beverages, tobacco products and recreational cannabis","2002=100","17","units","0","v41693918","7.256","148.4","","","","1"
"2010","Nova Scotia","2016A000212","Alcoholic beverages, tobacco products and recreational cannabis","2002=100","17","units","0","v41693918","7.256","156.0","","","","1"
"2011","Nova Scotia","2016A000212","Alcoholic beverages, tobacco products and recreational cannabis","2002=100","17","units","0","v41693918","7.256","160.4","","","","1"
"2012","Nova Scotia","2016A000212","Alcoholic beverages, tobacco products and recreational cannabis","2002=100","17","units","0","v41693918","7.256","163.1","","","","1"
"2013","Nova Scotia","2016A000212","Alcoholic beverages, tobacco products and recreational cannabis","2002=100","17","units","0","v41693918","7.256","167.9","","","","1"
"2014","Nova Scotia","2016A000212","Alcoholic beverages, tobacco products and recreational cannabis","2002=100","17","units","0","v41693918","7.256","176.2","","","","1"
"2015","Nova Scotia","2016A000212","Alcoholic beverages, tobacco products and recreational cannabis","2002=100","17","units","0","v41693918","7.256","181.2","","","","1"
"2016","Nova Scotia","2016A000212","Alcoholic beverages, tobacco products and recreational cannabis","2002=100","17","units","0","v41693918","7.256","187.3","","","","1"
"2017","Nova Scotia","2016A000212","Alcoholic beverages, tobacco products and recreational cannabis","2002=100","17","units","0","v41693918","7.256","193.6","","","","1"
"2018","Nova Scotia","2016A000212","Alcoholic beverages, tobacco products and recreational cannabis","2002=100","17","units","0","v41693918","7.256","198.2","","","","1"
"2019","Nova Scotia","2016A000212","Alcoholic beverages, tobacco products and recreational cannabis","2002=100","17","units","0","v41693918","7.256","201.6","","","","1"
"2020","Nova Scotia","2016A000212","Alcoholic beverages, tobacco products and recreational cannabis","2002=100","17","units","0","v41693918","7.256","205.8","","","","1"
"2021","Nova Scotia","2016A000212","Alcoholic beverages, tobacco products and recreational cannabis","2002=100","17","units","0","v41693918","7.256","210.7","","","","1"
"2022","Nova Scotia","2016A000212","Alcoholic beverages, tobacco products and recreational cannabis","2002=100","17","units","0","v41693918","7.256","218.8","","","","1"
"2023","Nova Scotia","2016A000212","Alcoholic beverages, tobacco products and recreational cannabis","2002=100","17","units","0","v41693918","7.256","230.1","","","","1"
"1981","Nova Scotia","2016A000212","All-items excluding food and energy","2002=100","17","units","0","v41693936","7.285","50.0","","","","1"
"1982","Nova Scotia","2016A000212","All-items excluding food and energy","2002=100","17","units","0","v41693936","7.285","55.0","","","","1"
"1983","Nova Scotia","2016A000212","All-items excluding food and energy","2002=100","17","units","0","v41693936","7.285","58.5","","","","1"
"1984","Nova Scotia","2016A000212","All-items excluding food and energy","2002=100","17","units","0","v41693936","7.285","60.9","","","","1"
"1985","Nova Scotia","2016A000212","All-items excluding food and energy","2002=100","17","units","0","v41693936","7.285","63.7","","","","1"
"1986","Nova Scotia","2016A000212","All-items excluding food and energy","2002=100","17","units","0","v41693936","7.285","66.9","","","","1"
"1987","Nova Scotia","2016A000212","All-items excluding food and energy","2002=100","17","units","0","v41693936","7.285","69.5","","","","1"
"1988","Nova Scotia","2016A000212","All-items excluding food and energy","2002=100","17","units","0","v41693936","7.285","72.0","","","","1"
"1989","Nova Scotia","2016A000212","All-items excluding food and energy","2002=100","17","units","0","v41693936","7.285","75.5","","","","1"
"1990","Nova Scotia","2016A000212","All-items excluding food and energy","2002=100","17","units","0","v41693936","7.285","78.8","","","","1"
"1991","Nova Scotia","2016A000212","All-items excluding food and energy","2002=100","17","units","0","v41693936","7.285","83.3","","","","1"
"1992","Nova Scotia","2016A000212","All-items excluding food and energy","2002=100","17","units","0","v41693936","7.285","84.4","","","","1"
"1993","Nova Scotia","2016A000212","All-items excluding food and energy","2002=100","17","units","0","v41693936","7.285","85.7","","","","1"
"1994","Nova Scotia","2016A000212","All-items excluding food and energy","2002=100","17","units","0","v41693936","7.285","86.4","","","","1"
"1995","Nova Scotia","2016A000212","All-items excluding food and energy","2002=100","17","units","0","v41693936","7.285","87.8","","","","1"
"1996","Nova Scotia","2016A000212","All-items excluding food and energy","2002=100","17","units","0","v41693936","7.285","89.3","","","","1"
"1997","Nova Scotia","2016A000212","All-items excluding food and energy","2002=100","17","units","0","v41693936","7.285","90.5","","","","1"
"1998","Nova Scotia","2016A000212","All-items excluding food and energy","2002=100","17","units","0","v41693936","7.285","91.5","","","","1"
"1999","Nova Scotia","2016A000212","All-items excluding food and energy","2002=100","17","units","0","v41693936","7.285","93.0","","","","1"
"2000","Nova Scotia","2016A000212","All-items excluding food and energy","2002=100","17","units","0","v41693936","7.285","94.3","","","","1"
"2001","Nova Scotia","2016A000212","All-items excluding food and energy","2002=100","17","units","0","v41693936","7.285","96.6","","","","1"
"2002","Nova Scotia","2016A000212","All-items excluding food and energy","2002=100","17","units","0","v41693936","7.285","100.0","","","","1"
"2003","Nova Scotia","2016A000212","All-items excluding food and energy","2002=100","17","units","0","v41693936","7.285","103.0","","","","1"
"2004","Nova Scotia","2016A000212","All-items excluding food and energy","2002=100","17","units","0","v41693936","7.285","103.9","","","","1"
"2005","Nova Scotia","2016A000212","All-items excluding food and energy","2002=100","17","units","0","v41693936","7.285","105.1","","","","1"
"2006","Nova Scotia","2016A000212","All-items excluding food and energy","2002=100","17","units","0","v41693936","7.285","106.3","","","","1"
"2007","Nova Scotia","2016A000212","All-items excluding food and energy","2002=100","17","units","0","v41693936","7.285","108.4","","","","1"
"2008","Nova Scotia","2016A000212","All-items excluding food and energy","2002=100","17","units","0","v41693936","7.285","109.4","","","","1"
"2009","Nova Scotia","2016A000212","All-items excluding food and energy","2002=100","17","units","0","v41693936","7.285","110.4","","","","1"
"2010","Nova Scotia","2016A000212","All-items excluding food and energy","2002=100","17","units","0","v41693936","7.285","112.3","","","","1"
"2011","Nova Scotia","2016A000212","All-items excluding food and energy","2002=100","17","units","0","v41693936","7.285","114.1","","","","1"
"2012","Nova Scotia","2016A000212","All-items excluding food and energy","2002=100","17","units","0","v41693936","7.285","115.3","","","","1"
"2013","Nova Scotia","2016A000212","All-items excluding food and energy","2002=100","17","units","0","v41693936","7.285","116.7","","","","1"
"2014","Nova Scotia","2016A000212","All-items excluding food and energy","2002=100","17","units","0","v41693936","7.285","118.6","","","","1"
"2015","Nova Scotia","2016A000212","All-items excluding food and energy","2002=100","17","units","0","v41693936","7.285","120.6","","","","1"
"2016","Nova Scotia","2016A000212","All-items excluding food and energy","2002=100","17","units","0","v41693936","7.285","122.9","","","","1"
"2017","Nova Scotia","2016A000212","All-items excluding food and energy","2002=100","17","units","0","v41693936","7.285","124.4","","","","1"
"2018","Nova Scotia","2016A000212","All-items excluding food and energy","2002=100","17","units","0","v41693936","7.285","126.6","","","","1"
"2019","Nova Scotia","2016A000212","All-items excluding food and energy","2002=100","17","units","0","v41693936","7.285","128.9","","","","1"
"2020","Nova Scotia","2016A000212","All-items excluding food and energy","2002=100","17","units","0","v41693936","7.285","130.6","","","","1"
"2021","Nova Scotia","2016A000212","All-items excluding food and energy","2002=100","17","units","0","v41693936","7.285","133.9","","","","1"
"2022","Nova Scotia","2016A000212","All-items excluding food and energy","2002=100","17","units","0","v41693936","7.285","139.7","","","","1"
"2023","Nova Scotia","2016A000212","All-items excluding food and energy","2002=100","17","units","0","v41693936","7.285","145.6","","","","1"
"1981","Nova Scotia","2016A000212","All-items excluding energy","2002=100","17","units","0","v41693941","7.287","51.5","","","","1"
"1982","Nova Scotia","2016A000212","All-items excluding energy","2002=100","17","units","0","v41693941","7.287","55.8","","","","1"
"1983","Nova Scotia","2016A000212","All-items excluding energy","2002=100","17","units","0","v41693941","7.287","58.8","","","","1"
"1984","Nova Scotia","2016A000212","All-items excluding energy","2002=100","17","units","0","v41693941","7.287","61.4","","","","1"
"1985","Nova Scotia","2016A000212","All-items excluding energy","2002=100","17","units","0","v41693941","7.287","64.0","","","","1"
"1986","Nova Scotia","2016A000212","All-items excluding energy","2002=100","17","units","0","v41693941","7.287","66.9","","","","1"
"1987","Nova Scotia","2016A000212","All-items excluding energy","2002=100","17","units","0","v41693941","7.287","69.6","","","","1"
"1988","Nova Scotia","2016A000212","All-items excluding energy","2002=100","17","units","0","v41693941","7.287","72.3","","","","1"
"1989","Nova Scotia","2016A000212","All-items excluding energy","2002=100","17","units","0","v41693941","7.287","75.8","","","","1"
"1990","Nova Scotia","2016A000212","All-items excluding energy","2002=100","17","units","0","v41693941","7.287","79.1","","","","1"
"1991","Nova Scotia","2016A000212","All-items excluding energy","2002=100","17","units","0","v41693941","7.287","83.6","","","","1"
"1992","Nova Scotia","2016A000212","All-items excluding energy","2002=100","17","units","0","v41693941","7.287","84.3","","","","1"
"1993","Nova Scotia","2016A000212","All-items excluding energy","2002=100","17","units","0","v41693941","7.287","85.6","","","","1"
"1994","Nova Scotia","2016A000212","All-items excluding energy","2002=100","17","units","0","v41693941","7.287","86.7","","","","1"
"1995","Nova Scotia","2016A000212","All-items excluding energy","2002=100","17","units","0","v41693941","7.287","87.8","","","","1"
"1996","Nova Scotia","2016A000212","All-items excluding energy","2002=100","17","units","0","v41693941","7.287","89.2","","","","1"
"1997","Nova Scotia","2016A000212","All-items excluding energy","2002=100","17","units","0","v41693941","7.287","90.5","","","","1"
"1998","Nova Scotia","2016A000212","All-items excluding energy","2002=100","17","units","0","v41693941","7.287","91.6","","","","1"
"1999","Nova Scotia","2016A000212","All-items excluding energy","2002=100","17","units","0","v41693941","7.287","93.0","","","","1"
"2000","Nova Scotia","2016A000212","All-items excluding energy","2002=100","17","units","0","v41693941","7.287","94.3","","","","1"
"2001","Nova Scotia","2016A000212","All-items excluding energy","2002=100","17","units","0","v41693941","7.287","96.6","","","","1"
"2002","Nova Scotia","2016A000212","All-items excluding energy","2002=100","17","units","0","v41693941","7.287","100.0","","","","1"
"2003","Nova Scotia","2016A000212","All-items excluding energy","2002=100","17","units","0","v41693941","7.287","102.8","","","","1"
"2004","Nova Scotia","2016A000212","All-items excluding energy","2002=100","17","units","0","v41693941","7.287","104.0","","","","1"
"2005","Nova Scotia","2016A000212","All-items excluding energy","2002=100","17","units","0","v41693941","7.287","105.5","","","","1"
"2006","Nova Scotia","2016A000212","All-items excluding energy","2002=100","17","units","0","v41693941","7.287","107.2","","","","1"
"2007","Nova Scotia","2016A000212","All-items excluding energy","2002=100","17","units","0","v41693941","7.287","109.5","","","","1"
"2008","Nova Scotia","2016A000212","All-items excluding energy","2002=100","17","units","0","v41693941","7.287","111.3","","","","1"
"2009","Nova Scotia","2016A000212","All-items excluding energy","2002=100","17","units","0","v41693941","7.287","113.4","","","","1"
"2010","Nova Scotia","2016A000212","All-items excluding energy","2002=100","17","units","0","v41693941","7.287","115.4","","","","1"
"2011","Nova Scotia","2016A000212","All-items excluding energy","2002=100","17","units","0","v41693941","7.287","118.0","","","","1"
"2012","Nova Scotia","2016A000212","All-items excluding energy","2002=100","17","units","0","v41693941","7.287","119.5","","","","1"
"2013","Nova Scotia","2016A000212","All-items excluding energy","2002=100","17","units","0","v41693941","7.287","121.0","","","","1"
"2014","Nova Scotia","2016A000212","All-items excluding energy","2002=100","17","units","0","v41693941","7.287","122.9","","","","1"
"2015","Nova Scotia","2016A000212","All-items excluding energy","2002=100","17","units","0","v41693941","7.287","125.6","","","","1"
"2016","Nova Scotia","2016A000212","All-items excluding energy","2002=100","17","units","0","v41693941","7.287","128.1","","","","1"
"2017","Nova Scotia","2016A000212","All-items excluding energy","2002=100","17","units","0","v41693941","7.287","128.9","","","","1"
"2018","Nova Scotia","2016A000212","All-items excluding energy","2002=100","17","units","0","v41693941","7.287","130.9","","","","1"
"2019","Nova Scotia","2016A000212","All-items excluding energy","2002=100","17","units","0","v41693941","7.287","133.5","","","","1"
"2020","Nova Scotia","2016A000212","All-items excluding energy","2002=100","17","units","0","v41693941","7.287","135.6","","","","1"
"2021","Nova Scotia","2016A000212","All-items excluding energy","2002=100","17","units","0","v41693941","7.287","139.0","","","","1"
"2022","Nova Scotia","2016A000212","All-items excluding energy","2002=100","17","units","0","v41693941","7.287","146.3","","","","1"
"2023","Nova Scotia","2016A000212","All-items excluding energy","2002=100","17","units","0","v41693941","7.287","153.4","","","","1"
"1981","Nova Scotia","2016A000212","Energy","2002=100","17","units","0","v41693942","7.288","47.7","","","","1"
"1982","Nova Scotia","2016A000212","Energy","2002=100","17","units","0","v41693942","7.288","56.5","","","","1"
"1983","Nova Scotia","2016A000212","Energy","2002=100","17","units","0","v41693942","7.288","64.4","","","","1"
"1984","Nova Scotia","2016A000212","Energy","2002=100","17","units","0","v41693942","7.288","67.7","","","","1"
"1985","Nova Scotia","2016A000212","Energy","2002=100","17","units","0","v41693942","7.288","72.1","","","","1"
"1986","Nova Scotia","2016A000212","Energy","2002=100","17","units","0","v41693942","7.288","65.5","","","","1"
"1987","Nova Scotia","2016A000212","Energy","2002=100","17","units","0","v41693942","7.288","63.5","","","","1"
"1988","Nova Scotia","2016A000212","Energy","2002=100","17","units","0","v41693942","7.288","63.7","","","","1"
"1989","Nova Scotia","2016A000212","Energy","2002=100","17","units","0","v41693942","7.288","64.6","","","","1"
"1990","Nova Scotia","2016A000212","Energy","2002=100","17","units","0","v41693942","7.288","72.2","","","","1"
"1991","Nova Scotia","2016A000212","Energy","2002=100","17","units","0","v41693942","7.288","79.9","","","","1"
"1992","Nova Scotia","2016A000212","Energy","2002=100","17","units","0","v41693942","7.288","79.0","","","","1"
"1993","Nova Scotia","2016A000212","Energy","2002=100","17","units","0","v41693942","7.288","76.9","","","","1"
"1994","Nova Scotia","2016A000212","Energy","2002=100","17","units","0","v41693942","7.288","77.1","","","","1"
"1995","Nova Scotia","2016A000212","Energy","2002=100","17","units","0","v41693942","7.288","78.2","","","","1"
"1996","Nova Scotia","2016A000212","Energy","2002=100","17","units","0","v41693942","7.288","80.9","","","","1"
"1997","Nova Scotia","2016A000212","Energy","2002=100","17","units","0","v41693942","7.288","86.8","","","","1"
"1998","Nova Scotia","2016A000212","Energy","2002=100","17","units","0","v41693942","7.288","82.4","","","","1"
"1999","Nova Scotia","2016A000212","Energy","2002=100","17","units","0","v41693942","7.288","85.7","","","","1"
"2000","Nova Scotia","2016A000212","Energy","2002=100","17","units","0","v41693942","7.288","102.7","","","","1"
"2001","Nova Scotia","2016A000212","Energy","2002=100","17","units","0","v41693942","7.288","100.7","","","","1"
"2002","Nova Scotia","2016A000212","Energy","2002=100","17","units","0","v41693942","7.288","100.0","","","","1"
"2003","Nova Scotia","2016A000212","Energy","2002=100","17","units","0","v41693942","7.288","107.8","","","","1"
"2004","Nova Scotia","2016A000212","Energy","2002=100","17","units","0","v41693942","7.288","116.3","","","","1"
"2005","Nova Scotia","2016A000212","Energy","2002=100","17","units","0","v41693942","7.288","131.0","","","","1"
"2006","Nova Scotia","2016A000212","Energy","2002=100","17","units","0","v41693942","7.288","138.5","","","","1"
"2007","Nova Scotia","2016A000212","Energy","2002=100","17","units","0","v41693942","7.288","138.2","","","","1"
"2008","Nova Scotia","2016A000212","Energy","2002=100","17","units","0","v41693942","7.288","156.7","","","","1"
"2009","Nova Scotia","2016A000212","Energy","2002=100","17","units","0","v41693942","7.288","135.0","","","","1"
"2010","Nova Scotia","2016A000212","Energy","2002=100","17","units","0","v41693942","7.288","142.4","","","","1"
"2011","Nova Scotia","2016A000212","Energy","2002=100","17","units","0","v41693942","7.288","164.9","","","","1"
"2012","Nova Scotia","2016A000212","Energy","2002=100","17","units","0","v41693942","7.288","174.7","","","","1"
"2013","Nova Scotia","2016A000212","Energy","2002=100","17","units","0","v41693942","7.288","176.5","","","","1"
"2014","Nova Scotia","2016A000212","Energy","2002=100","17","units","0","v41693942","7.288","182.0","","","","1"
"2015","Nova Scotia","2016A000212","Energy","2002=100","17","units","0","v41693942","7.288","157.4","","","","1"
"2016","Nova Scotia","2016A000212","Energy","2002=100","17","units","0","v41693942","7.288","147.9","","","","1"
"2017","Nova Scotia","2016A000212","Energy","2002=100","17","units","0","v41693942","7.288","157.5","","","","1"
"2018","Nova Scotia","2016A000212","Energy","2002=100","17","units","0","v41693942","7.288","170.5","","","","1"
"2019","Nova Scotia","2016A000212","Energy","2002=100","17","units","0","v41693942","7.288","168.4","","","","1"
"2020","Nova Scotia","2016A000212","Energy","2002=100","17","units","0","v41693942","7.288","148.0","","","","1"
"2021","Nova Scotia","2016A000212","Energy","2002=100","17","units","0","v41693942","7.288","180.1","","","","1"
"2022","Nova Scotia","2016A000212","Energy","2002=100","17","units","0","v41693942","7.288","232.1","","","","1"
"2023","Nova Scotia","2016A000212","Energy","2002=100","17","units","0","v41693942","7.288","224.6","","","","1"
"1981","Nova Scotia","2016A000212","Goods","2002=100","17","units","0","v41693930","7.274","54.1","","","","1"
"1982","Nova Scotia","2016A000212","Goods","2002=100","17","units","0","v41693930","7.274","58.4","","","","1"
"1983","Nova Scotia","2016A000212","Goods","2002=100","17","units","0","v41693930","7.274","61.7","","","","1"
"1984","Nova Scotia","2016A000212","Goods","2002=100","17","units","0","v41693930","7.274","64.3","","","","1"
"1985","Nova Scotia","2016A000212","Goods","2002=100","17","units","0","v41693930","7.274","66.9","","","","1"
"1986","Nova Scotia","2016A000212","Goods","2002=100","17","units","0","v41693930","7.274","68.5","","","","1"
"1987","Nova Scotia","2016A000212","Goods","2002=100","17","units","0","v41693930","7.274","70.8","","","","1"
"1988","Nova Scotia","2016A000212","Goods","2002=100","17","units","0","v41693930","7.274","73.4","","","","1"
"1989","Nova Scotia","2016A000212","Goods","2002=100","17","units","0","v41693930","7.274","77.0","","","","1"
"1990","Nova Scotia","2016A000212","Goods","2002=100","17","units","0","v41693930","7.274","81.1","","","","1"
"1991","Nova Scotia","2016A000212","Goods","2002=100","17","units","0","v41693930","7.274","85.9","","","","1"
"1992","Nova Scotia","2016A000212","Goods","2002=100","17","units","0","v41693930","7.274","85.9","","","","1"
"1993","Nova Scotia","2016A000212","Goods","2002=100","17","units","0","v41693930","7.274","86.9","","","","1"
"1994","Nova Scotia","2016A000212","Goods","2002=100","17","units","0","v41693930","7.274","87.3","","","","1"
"1995","Nova Scotia","2016A000212","Goods","2002=100","17","units","0","v41693930","7.274","87.6","","","","1"
"1996","Nova Scotia","2016A000212","Goods","2002=100","17","units","0","v41693930","7.274","89.4","","","","1"
"1997","Nova Scotia","2016A000212","Goods","2002=100","17","units","0","v41693930","7.274","91.9","","","","1"
"1998","Nova Scotia","2016A000212","Goods","2002=100","17","units","0","v41693930","7.274","91.5","","","","1"
"1999","Nova Scotia","2016A000212","Goods","2002=100","17","units","0","v41693930","7.274","93.0","","","","1"
"2000","Nova Scotia","2016A000212","Goods","2002=100","17","units","0","v41693930","7.274","96.9","","","","1"
"2001","Nova Scotia","2016A000212","Goods","2002=100","17","units","0","v41693930","7.274","98.0","","","","1"
"2002","Nova Scotia","2016A000212","Goods","2002=100","17","units","0","v41693930","7.274","100.0","","","","1"
"2003","Nova Scotia","2016A000212","Goods","2002=100","17","units","0","v41693930","7.274","103.1","","","","1"
"2004","Nova Scotia","2016A000212","Goods","2002=100","17","units","0","v41693930","7.274","105.3","","","","1"
"2005","Nova Scotia","2016A000212","Goods","2002=100","17","units","0","v41693930","7.274","109.2","","","","1"
"2006","Nova Scotia","2016A000212","Goods","2002=100","17","units","0","v41693930","7.274","111.3","","","","1"
"2007","Nova Scotia","2016A000212","Goods","2002=100","17","units","0","v41693930","7.274","112.4","","","","1"
"2008","Nova Scotia","2016A000212","Goods","2002=100","17","units","0","v41693930","7.274","116.0","","","","1"
"2009","Nova Scotia","2016A000212","Goods","2002=100","17","units","0","v41693930","7.274","113.5","","","","1"
"2010","Nova Scotia","2016A000212","Goods","2002=100","17","units","0","v41693930","7.274","116.2","","","","1"
"2011","Nova Scotia","2016A000212","Goods","2002=100","17","units","0","v41693930","7.274","122.2","","","","1"
"2012","Nova Scotia","2016A000212","Goods","2002=100","17","units","0","v41693930","7.274","124.7","","","","1"
"2013","Nova Scotia","2016A000212","Goods","2002=100","17","units","0","v41693930","7.274","125.4","","","","1"
"2014","Nova Scotia","2016A000212","Goods","2002=100","17","units","0","v41693930","7.274","127.3","","","","1"
"2015","Nova Scotia","2016A000212","Goods","2002=100","17","units","0","v41693930","7.274","126.2","","","","1"
"2016","Nova Scotia","2016A000212","Goods","2002=100","17","units","0","v41693930","7.274","126.7","","","","1"
"2017","Nova Scotia","2016A000212","Goods","2002=100","17","units","0","v41693930","7.274","127.7","","","","1"
"2018","Nova Scotia","2016A000212","Goods","2002=100","17","units","0","v41693930","7.274","130.5","","","","1"
"2019","Nova Scotia","2016A000212","Goods","2002=100","17","units","0","v41693930","7.274","132.2","","","","1"
"2020","Nova Scotia","2016A000212","Goods","2002=100","17","units","0","v41693930","7.274","130.8","","","","1"
"2021","Nova Scotia","2016A000212","Goods","2002=100","17","units","0","v41693930","7.274","138.1","","","","1"
"2022","Nova Scotia","2016A000212","Goods","2002=100","17","units","0","v41693930","7.274","153.0","","","","1"
"2023","Nova Scotia","2016A000212","Goods","2002=100","17","units","0","v41693930","7.274","157.9","","","","1"
"1981","Nova Scotia","2016A000212","Services","2002=100","17","units","0","v41693934","7.282","46.3","","","","1"
"1982","Nova Scotia","2016A000212","Services","2002=100","17","units","0","v41693934","7.282","52.0","","","","1"
"1983","Nova Scotia","2016A000212","Services","2002=100","17","units","0","v41693934","7.282","55.8","","","","1"
"1984","Nova Scotia","2016A000212","Services","2002=100","17","units","0","v41693934","7.282","58.6","","","","1"
"1985","Nova Scotia","2016A000212","Services","2002=100","17","units","0","v41693934","7.282","61.5","","","","1"
"1986","Nova Scotia","2016A000212","Services","2002=100","17","units","0","v41693934","7.282","64.1","","","","1"
"1987","Nova Scotia","2016A000212","Services","2002=100","17","units","0","v41693934","7.282","66.3","","","","1"
"1988","Nova Scotia","2016A000212","Services","2002=100","17","units","0","v41693934","7.282","68.4","","","","1"
"1989","Nova Scotia","2016A000212","Services","2002=100","17","units","0","v41693934","7.282","71.3","","","","1"
"1990","Nova Scotia","2016A000212","Services","2002=100","17","units","0","v41693934","7.282","74.6","","","","1"
"1991","Nova Scotia","2016A000212","Services","2002=100","17","units","0","v41693934","7.282","79.3","","","","1"
"1992","Nova Scotia","2016A000212","Services","2002=100","17","units","0","v41693934","7.282","80.5","","","","1"
"1993","Nova Scotia","2016A000212","Services","2002=100","17","units","0","v41693934","7.282","81.6","","","","1"
"1994","Nova Scotia","2016A000212","Services","2002=100","17","units","0","v41693934","7.282","83.3","","","","1"
"1995","Nova Scotia","2016A000212","Services","2002=100","17","units","0","v41693934","7.282","85.5","","","","1"
"1996","Nova Scotia","2016A000212","Services","2002=100","17","units","0","v41693934","7.282","86.7","","","","1"
"1997","Nova Scotia","2016A000212","Services","2002=100","17","units","0","v41693934","7.282","87.8","","","","1"
"1998","Nova Scotia","2016A000212","Services","2002=100","17","units","0","v41693934","7.282","89.3","","","","1"
"1999","Nova Scotia","2016A000212","Services","2002=100","17","units","0","v41693934","7.282","91.0","","","","1"
"2000","Nova Scotia","2016A000212","Services","2002=100","17","units","0","v41693934","7.282","93.3","","","","1"
"2001","Nova Scotia","2016A000212","Services","2002=100","17","units","0","v41693934","7.282","95.9","","","","1"
"2002","Nova Scotia","2016A000212","Services","2002=100","17","units","0","v41693934","7.282","100.0","","","","1"
"2003","Nova Scotia","2016A000212","Services","2002=100","17","units","0","v41693934","7.282","103.8","","","","1"
"2004","Nova Scotia","2016A000212","Services","2002=100","17","units","0","v41693934","7.282","105.3","","","","1"
"2005","Nova Scotia","2016A000212","Services","2002=100","17","units","0","v41693934","7.282","107.1","","","","1"
"2006","Nova Scotia","2016A000212","Services","2002=100","17","units","0","v41693934","7.282","109.4","","","","1"
"2007","Nova Scotia","2016A000212","Services","2002=100","17","units","0","v41693934","7.282","112.7","","","","1"
"2008","Nova Scotia","2016A000212","Services","2002=100","17","units","0","v41693934","7.282","115.8","","","","1"
"2009","Nova Scotia","2016A000212","Services","2002=100","17","units","0","v41693934","7.282","118.5","","","","1"
"2010","Nova Scotia","2016A000212","Services","2002=100","17","units","0","v41693934","7.282","120.7","","","","1"
"2011","Nova Scotia","2016A000212","Services","2002=100","17","units","0","v41693934","7.282","123.5","","","","1"
"2012","Nova Scotia","2016A000212","Services","2002=100","17","units","0","v41693934","7.282","125.7","","","","1"
"2013","Nova Scotia","2016A000212","Services","2002=100","17","units","0","v41693934","7.282","128.0","","","","1"
"2014","Nova Scotia","2016A000212","Services","2002=100","17","units","0","v41693934","7.282","130.6","","","","1"
"2015","Nova Scotia","2016A000212","Services","2002=100","17","units","0","v41693934","7.282","133.1","","","","1"
"2016","Nova Scotia","2016A000212","Services","2002=100","17","units","0","v41693934","7.282","135.8","","","","1"
"2017","Nova Scotia","2016A000212","Services","2002=100","17","units","0","v41693934","7.282","137.9","","","","1"
"2018","Nova Scotia","2016A000212","Services","2002=100","17","units","0","v41693934","7.282","140.9","","","","1"
"2019","Nova Scotia","2016A000212","Services","2002=100","17","units","0","v41693934","7.282","143.6","","","","1"
"2020","Nova Scotia","2016A000212","Services","2002=100","17","units","0","v41693934","7.282","146.0","","","","1"
"2021","Nova Scotia","2016A000212","Services","2002=100","17","units","0","v41693934","7.282","149.7","","","","1"
"2022","Nova Scotia","2016A000212","Services","2002=100","17","units","0","v41693934","7.282","155.2","","","","1"
"2023","Nova Scotia","2016A000212","Services","2002=100","17","units","0","v41693934","7.282","162.9","","","","1"


